Id|Value|Title|EMail
7|||
8|1001|Wilson, Kara C.|kara.wilson@example-health.org
9|||
10|1002|Wood, Noah|noah.wood@example-health.org
11|1003|Fisher, Keith Q.|keith.fisher@example-health.org
12|||
14|||
15|1004|Lee, Erica M.|erica.lee@example-health.org
16|1005|Hughes, Felix|felix.hughes@example-health.org
17|1005|Hughes, Felix|felix.hughes@example-health.org
18|1006|Foster, Robin S.|robin.foster@example-health.org
19|1007|Mitchell, Alex|alex.mitchell@example-health.org
20|||
21|||
22|1008|Phillips, Diana|diana.phillips@example-health.org
23|||
25|1009|Peterson, Blake B.|blake.peterson@example-health.org
26|1010|Thompson, Hannah|hannah.thompson@example-health.org
27|||
28|1009|Peterson, Blake B.|blake.peterson@example-health.org
29|1011|Evans, Hannah P.|hannah.evans@example-health.org
30|||
31|||
32|1012|Adams, Diana Y.|diana.adams@example-health.org
33|1013|Lewis, Jordan N.|jordan.lewis@example-health.org
34|1014|Coleman, Ian|ian.coleman@example-health.org
35|1015|Edwards, Dana|dana.edwards@example-health.org
36|1016|Wood, Theo V.|theo.wood@example-health.org
37|1017|Jenkins, Rafael|rafael.jenkins@example-health.org
38|1018|Bryant, Tara C.|tara.bryant@example-health.org
39|1019|Long, Maya|maya.long@example-health.org
40|||
41|1020|Carter, Bianca E.|bianca.carter@example-health.org
42|1021|Ward, Brianna P.|brianna.ward@example-health.org
43|1022|Baker, Iris Z.|iris.baker@example-health.org
44|||
45|1023|Williams, Grace B.|grace.williams@example-health.org
46|||
47|1024|Roberts, Yara H.|yara.roberts@example-health.org
48|||
49|1025|Johnson, Uma J.|uma.johnson@example-health.org
50|1026|Hill, Andre C.|andre.hill@example-health.org
51|1027|Perez, Zane A.|zane.perez@example-health.org
52|1028|Watson, Angela Z.|angela.watson@example-health.org
53|1029|Rivera, Tara G.|tara.rivera@example-health.org
54|1030|Parker, Theo|theo.parker@example-health.org
55|1031|Morris, Elliot V.|elliot.morris@example-health.org
56|1007|Mitchell, Alex|alex.mitchell@example-health.org
57|1032|Young, Blake|blake.young@example-health.org
58|||
59|1031|Morris, Elliot V.|elliot.morris@example-health.org
60|1033|Jackson, Julia F.|julia.jackson@example-health.org
61|||
62|||
64|1034|Brooks, Paige B.|paige.brooks@example-health.org
65|||
66|||
67|||
68|1008|Phillips, Diana|diana.phillips@example-health.org
69|||
70|1035|Cooper, Omar J.|omar.cooper@example-health.org
71|1020|Carter, Bianca E.|bianca.carter@example-health.org
72|1022|Baker, Iris Z.|iris.baker@example-health.org
73|1032|Young, Blake|blake.young@example-health.org
74|||
75|1036|Collins, Lena H.|lena.collins@example-health.org
76|||
77|1037|Sanchez, Lena|lena.sanchez@example-health.org
78|||
79|1038|Ross, Darius K.|darius.ross@example-health.org
80|||
81|1019|Long, Maya|maya.long@example-health.org
82|1021|Ward, Brianna P.|brianna.ward@example-health.org
83|1039|Harris, Noah Z.|noah.harris@example-health.org
84|1040|Torres, Keith V.|keith.torres@example-health.org
85|1041|Clark, Darius F.|darius.clark@example-health.org
86|||
87|1006|Foster, Robin S.|robin.foster@example-health.org
88|1021|Ward, Brianna P.|brianna.ward@example-health.org
89|1042|Flores, Olivia|olivia.flores@example-health.org
90|1043|Scott, Omar N.|omar.scott@example-health.org
91|1041|Clark, Darius F.|darius.clark@example-health.org
92|||
93|1016|Wood, Theo V.|theo.wood@example-health.org
94|1013|Lewis, Jordan N.|jordan.lewis@example-health.org
95|1044|Watson, Elliot|elliot.watson@example-health.org
96|||
97|1006|Foster, Robin S.|robin.foster@example-health.org
98|1045|Gray, Casey W.|casey.gray@example-health.org
99|||
100|||
101|1046|Price, Logan E.|logan.price@example-health.org
102|1030|Parker, Theo|theo.parker@example-health.org
103|1004|Lee, Erica M.|erica.lee@example-health.org
104|1012|Adams, Diana Y.|diana.adams@example-health.org
105|||
106|||
107|1008|Phillips, Diana|diana.phillips@example-health.org
108|||
109|||
110|||
111|1042|Flores, Olivia|olivia.flores@example-health.org
112|1047|King, Caleb|caleb.king@example-health.org
113|1025|Johnson, Uma J.|uma.johnson@example-health.org
114|1017|Jenkins, Rafael|rafael.jenkins@example-health.org
115|1040|Torres, Keith V.|keith.torres@example-health.org
116|1048|Williams, Marcus S.|marcus.williams@example-health.org
117|1049|Reed, Paige|paige.reed@example-health.org
118|1036|Collins, Lena H.|lena.collins@example-health.org
120|1050|Murphy, Jamal|jamal.murphy@example-health.org
121|1039|Harris, Noah Z.|noah.harris@example-health.org
122|||
123|1049|Reed, Paige|paige.reed@example-health.org
124|1051|Gomez, Angela|angela.gomez@example-health.org
125|1052|Diaz, Avery M.|avery.diaz@example-health.org
126|1025|Johnson, Uma J.|uma.johnson@example-health.org
127|1044|Watson, Elliot|elliot.watson@example-health.org
128|||
129|1043|Scott, Omar N.|omar.scott@example-health.org
130|||
131|1051|Gomez, Angela|angela.gomez@example-health.org
132|1053|Davis, Xavier L.|xavier.davis@example-health.org
133|1054|Ward, Wendy Y.|wendy.ward@example-health.org
134|1055|Powell, Iris D.|iris.powell@example-health.org
135|||
136|1004|Lee, Erica M.|erica.lee@example-health.org
137|||
138|1056|Henderson, Victor|victor.henderson@example-health.org
139|1057|Smith, Sofia P.|sofia.smith@example-health.org
140|1052|Diaz, Avery M.|avery.diaz@example-health.org
141|1058|Bennett, Logan|logan.bennett@example-health.org
142|1034|Brooks, Paige B.|paige.brooks@example-health.org
143|||
144|1059|Stewart, Xavier|xavier.stewart@example-health.org
145|||
146|||
147|1060|James, Nadia G.|nadia.james@example-health.org
148|1023|Williams, Grace B.|grace.williams@example-health.org
150|1002|Wood, Noah|noah.wood@example-health.org
151|1061|Green, Grace X.|grace.green@example-health.org
152|1062|Kelly, Alicia K.|alicia.kelly@example-health.org
154|||
155|1063|Martinez, Tina R.|tina.martinez@example-health.org
156|||
157|1046|Price, Logan E.|logan.price@example-health.org
158|||
159|1064|Nguyen, Priya Y.|priya.nguyen@example-health.org
160|||
161|||
162|||
163|||
164|1034|Brooks, Paige B.|paige.brooks@example-health.org
165|1065|Nelson, Marcus X.|marcus.nelson@example-health.org
167|1066|Walker, Alex N.|alex.walker@example-health.org
168|||
169|||
170|||
171|||
172|1064|Nguyen, Priya Y.|priya.nguyen@example-health.org
174|||
176|1067|Turner, Olivia W.|olivia.turner@example-health.org
177|||
178|||
179|1068|Cox, Sofia|sofia.cox@example-health.org
180|1048|Williams, Marcus S.|marcus.williams@example-health.org
181|||
182|||
183|||
184|||
185|1006|Foster, Robin S.|robin.foster@example-health.org
186|1057|Smith, Sofia P.|sofia.smith@example-health.org
187|1064|Nguyen, Priya Y.|priya.nguyen@example-health.org
188|1069|White, Casey|casey.white@example-health.org
189|1012|Adams, Diana Y.|diana.adams@example-health.org
190|||
191|1051|Gomez, Angela|angela.gomez@example-health.org
192|||
193|1070|Martin, Quinn Q.|quinn.martin@example-health.org
194|||
195|||
196|1011|Evans, Hannah P.|hannah.evans@example-health.org
197|1057|Smith, Sofia P.|sofia.smith@example-health.org
198|1016|Wood, Theo V.|theo.wood@example-health.org
199|||
201|||
202|1039|Harris, Noah Z.|noah.harris@example-health.org
203|1040|Torres, Keith V.|keith.torres@example-health.org
204|1070|Martin, Quinn Q.|quinn.martin@example-health.org
205|1002|Wood, Noah|noah.wood@example-health.org
206|||
208|1010|Thompson, Hannah|hannah.thompson@example-health.org
209|1043|Scott, Omar N.|omar.scott@example-health.org
210|1033|Jackson, Julia F.|julia.jackson@example-health.org
212|1054|Ward, Wendy Y.|wendy.ward@example-health.org
213|1071|Robinson, Bianca|bianca.robinson@example-health.org
214|1010|Thompson, Hannah|hannah.thompson@example-health.org
215|1060|James, Nadia G.|nadia.james@example-health.org
216|1037|Sanchez, Lena|lena.sanchez@example-health.org
217|1018|Bryant, Tara C.|tara.bryant@example-health.org
219|1042|Flores, Olivia|olivia.flores@example-health.org
220|||
221|1017|Jenkins, Rafael|rafael.jenkins@example-health.org
222|1015|Edwards, Dana|dana.edwards@example-health.org
223|1056|Henderson, Victor|victor.henderson@example-health.org
224|1037|Sanchez, Lena|lena.sanchez@example-health.org
225|||
226|1061|Green, Grace X.|grace.green@example-health.org
227|||
228|||
229|||
230|||
231|||
232|||
233|1072|White, Jamal R.|jamal.white@example-health.org
234|1006|Foster, Robin S.|robin.foster@example-health.org
235|1048|Williams, Marcus S.|marcus.williams@example-health.org
236|1063|Martinez, Tina R.|tina.martinez@example-health.org
237|1060|James, Nadia G.|nadia.james@example-health.org
238|||
239|1073|Morgan, Brianna T.|brianna.morgan@example-health.org
240|1034|Brooks, Paige B.|paige.brooks@example-health.org
241|1004|Lee, Erica M.|erica.lee@example-health.org
242|||
243|1024|Roberts, Yara H.|yara.roberts@example-health.org
244|1053|Davis, Xavier L.|xavier.davis@example-health.org
245|1022|Baker, Iris Z.|iris.baker@example-health.org
246|||
247|1031|Morris, Elliot V.|elliot.morris@example-health.org
248|1005|Hughes, Felix|felix.hughes@example-health.org
249|1052|Diaz, Avery M.|avery.diaz@example-health.org
250|||
251|1063|Martinez, Tina R.|tina.martinez@example-health.org
252|1059|Stewart, Xavier|xavier.stewart@example-health.org
253|||
254|||
255|||
256|1018|Bryant, Tara C.|tara.bryant@example-health.org
257|||
258|||
259|||
260|1046|Price, Logan E.|logan.price@example-health.org
261|1060|James, Nadia G.|nadia.james@example-health.org
262|1017|Jenkins, Rafael|rafael.jenkins@example-health.org
263|1058|Bennett, Logan|logan.bennett@example-health.org
264|||
265|1014|Coleman, Ian|ian.coleman@example-health.org
266|1021|Ward, Brianna P.|brianna.ward@example-health.org
267|||
268|||
269|1003|Fisher, Keith Q.|keith.fisher@example-health.org
270|||
271|||
272|1025|Johnson, Uma J.|uma.johnson@example-health.org
273|||
274|1001|Wilson, Kara C.|kara.wilson@example-health.org
275|1002|Wood, Noah|noah.wood@example-health.org
276|1002|Wood, Noah|noah.wood@example-health.org
277|1042|Flores, Olivia|olivia.flores@example-health.org
278|||
279|1036|Collins, Lena H.|lena.collins@example-health.org
280|||
281|||
282|||
283|1074|Hall, Kara|kara.hall@example-health.org
284|1067|Turner, Olivia W.|olivia.turner@example-health.org
285|||
286|1075|Wright, Renee E.|renee.wright@example-health.org
287|||
288|1069|White, Casey|casey.white@example-health.org
289|||
290|||
291|||
292|1076|Hayes, Renee A.|renee.hayes@example-health.org
294|1048|Williams, Marcus S.|marcus.williams@example-health.org
295|1064|Nguyen, Priya Y.|priya.nguyen@example-health.org
296|1069|White, Casey|casey.white@example-health.org
297|1073|Morgan, Brianna T.|brianna.morgan@example-health.org
298|1032|Young, Blake|blake.young@example-health.org
299|1019|Long, Maya|maya.long@example-health.org
300|1057|Smith, Sofia P.|sofia.smith@example-health.org
301|1077|Thomas, Dana S.|dana.thomas@example-health.org
302|1025|Johnson, Uma J.|uma.johnson@example-health.org
303|1065|Nelson, Marcus X.|marcus.nelson@example-health.org
304|1040|Torres, Keith V.|keith.torres@example-health.org
305|1022|Baker, Iris Z.|iris.baker@example-health.org
306|1073|Morgan, Brianna T.|brianna.morgan@example-health.org
307|||
308|1027|Perez, Zane A.|zane.perez@example-health.org
309|||
310|||
311|||
312|1002|Wood, Noah|noah.wood@example-health.org
313|1010|Thompson, Hannah|hannah.thompson@example-health.org
314|1028|Watson, Angela Z.|angela.watson@example-health.org
315|1039|Harris, Noah Z.|noah.harris@example-health.org
316|1040|Torres, Keith V.|keith.torres@example-health.org
317|||
318|1062|Kelly, Alicia K.|alicia.kelly@example-health.org
319|1003|Fisher, Keith Q.|keith.fisher@example-health.org
320|1061|Green, Grace X.|grace.green@example-health.org
321|1030|Parker, Theo|theo.parker@example-health.org
322|1078|Wilson, Priya|priya.wilson@example-health.org
323|1019|Long, Maya|maya.long@example-health.org
324|1072|White, Jamal R.|jamal.white@example-health.org
325|||
326|||
327|1049|Reed, Paige|paige.reed@example-health.org
328|||
329|1021|Ward, Brianna P.|brianna.ward@example-health.org
330|1057|Smith, Sofia P.|sofia.smith@example-health.org
331|1074|Hall, Kara|kara.hall@example-health.org
332|1055|Powell, Iris D.|iris.powell@example-health.org
333|1007|Mitchell, Alex|alex.mitchell@example-health.org
334|1003|Fisher, Keith Q.|keith.fisher@example-health.org
335|||
336|1073|Morgan, Brianna T.|brianna.morgan@example-health.org
337|1030|Parker, Theo|theo.parker@example-health.org
338|1072|White, Jamal R.|jamal.white@example-health.org
339|||
340|1049|Reed, Paige|paige.reed@example-health.org
341|1052|Diaz, Avery M.|avery.diaz@example-health.org
342|1062|Kelly, Alicia K.|alicia.kelly@example-health.org
343|||
344|1052|Diaz, Avery M.|avery.diaz@example-health.org
345|1019|Long, Maya|maya.long@example-health.org
347|1049|Reed, Paige|paige.reed@example-health.org
348|1051|Gomez, Angela|angela.gomez@example-health.org
349|1054|Ward, Wendy Y.|wendy.ward@example-health.org
350|||
351|1043|Scott, Omar N.|omar.scott@example-health.org
352|1063|Martinez, Tina R.|tina.martinez@example-health.org
353|1006|Foster, Robin S.|robin.foster@example-health.org
355|1048|Williams, Marcus S.|marcus.williams@example-health.org
356|||
357|||
358|||
359|1076|Hayes, Renee A.|renee.hayes@example-health.org
360|||
361|1079|Campbell, Yara|yara.campbell@example-health.org
362|1080|Taylor, Avery R.|avery.taylor@example-health.org
363|1073|Morgan, Brianna T.|brianna.morgan@example-health.org
365|1072|White, Jamal R.|jamal.white@example-health.org
366|1081|Howard, Carmen D.|carmen.howard@example-health.org
367|1013|Lewis, Jordan N.|jordan.lewis@example-health.org
368|1048|Williams, Marcus S.|marcus.williams@example-health.org
369|1062|Kelly, Alicia K.|alicia.kelly@example-health.org
370|1058|Bennett, Logan|logan.bennett@example-health.org
371|||
373|1059|Stewart, Xavier|xavier.stewart@example-health.org
374|||
375|1049|Reed, Paige|paige.reed@example-health.org
376|1020|Carter, Bianca E.|bianca.carter@example-health.org
377|1038|Ross, Darius K.|darius.ross@example-health.org
378|||
379|1002|Wood, Noah|noah.wood@example-health.org
380|1058|Bennett, Logan|logan.bennett@example-health.org
381|1046|Price, Logan E.|logan.price@example-health.org
382|1047|King, Caleb|caleb.king@example-health.org
383|1059|Stewart, Xavier|xavier.stewart@example-health.org
384|1022|Baker, Iris Z.|iris.baker@example-health.org
385|||
386|1031|Morris, Elliot V.|elliot.morris@example-health.org
387|1046|Price, Logan E.|logan.price@example-health.org
388|||
389|||
390|||
391|1024|Roberts, Yara H.|yara.roberts@example-health.org
392|1012|Adams, Diana Y.|diana.adams@example-health.org
393|||
395|||
396|||
397|||
398|||
399|1031|Morris, Elliot V.|elliot.morris@example-health.org
400|1054|Ward, Wendy Y.|wendy.ward@example-health.org
401|1047|King, Caleb|caleb.king@example-health.org
402|1071|Robinson, Bianca|bianca.robinson@example-health.org
403|1021|Ward, Brianna P.|brianna.ward@example-health.org
404|||
406|1074|Hall, Kara|kara.hall@example-health.org
407|1004|Lee, Erica M.|erica.lee@example-health.org
408|||
409|1073|Morgan, Brianna T.|brianna.morgan@example-health.org
410|1064|Nguyen, Priya Y.|priya.nguyen@example-health.org
411|1009|Peterson, Blake B.|blake.peterson@example-health.org
412|||
413|||
414|1054|Ward, Wendy Y.|wendy.ward@example-health.org
415|1029|Rivera, Tara G.|tara.rivera@example-health.org
416|||
417|1036|Collins, Lena H.|lena.collins@example-health.org
418|||
419|1009|Peterson, Blake B.|blake.peterson@example-health.org
420|1005|Hughes, Felix|felix.hughes@example-health.org
421|1012|Adams, Diana Y.|diana.adams@example-health.org
422|1054|Ward, Wendy Y.|wendy.ward@example-health.org
423|||
424|1034|Brooks, Paige B.|paige.brooks@example-health.org
425|1069|White, Casey|casey.white@example-health.org
426|1004|Lee, Erica M.|erica.lee@example-health.org
427|||
428|1066|Walker, Alex N.|alex.walker@example-health.org
429|||
430|1050|Murphy, Jamal|jamal.murphy@example-health.org
431|1072|White, Jamal R.|jamal.white@example-health.org
432|1008|Phillips, Diana|diana.phillips@example-health.org
433|1082|Russell, Ian L.|ian.russell@example-health.org
434|||
436|1002|Wood, Noah|noah.wood@example-health.org
437|||
438|1028|Watson, Angela Z.|angela.watson@example-health.org
439|1034|Brooks, Paige B.|paige.brooks@example-health.org
440|||
441|1006|Foster, Robin S.|robin.foster@example-health.org
442|||
443|||
444|||
445|1010|Thompson, Hannah|hannah.thompson@example-health.org
446|||
447|||
448|||
449|||
450|1016|Wood, Theo V.|theo.wood@example-health.org
451|1022|Baker, Iris Z.|iris.baker@example-health.org
452|1055|Powell, Iris D.|iris.powell@example-health.org
453|1052|Diaz, Avery M.|avery.diaz@example-health.org
454|1034|Brooks, Paige B.|paige.brooks@example-health.org
455|1023|Williams, Grace B.|grace.williams@example-health.org
456|1012|Adams, Diana Y.|diana.adams@example-health.org
457|||
458|1079|Campbell, Yara|yara.campbell@example-health.org
459|1060|James, Nadia G.|nadia.james@example-health.org
460|1075|Wright, Renee E.|renee.wright@example-health.org
461|1066|Walker, Alex N.|alex.walker@example-health.org
462|1073|Morgan, Brianna T.|brianna.morgan@example-health.org
463|1001|Wilson, Kara C.|kara.wilson@example-health.org
464|||
465|1006|Foster, Robin S.|robin.foster@example-health.org
466|1071|Robinson, Bianca|bianca.robinson@example-health.org
467|1018|Bryant, Tara C.|tara.bryant@example-health.org
468|||
469|1015|Edwards, Dana|dana.edwards@example-health.org
470|||
471|1067|Turner, Olivia W.|olivia.turner@example-health.org
472|1073|Morgan, Brianna T.|brianna.morgan@example-health.org
473|1052|Diaz, Avery M.|avery.diaz@example-health.org
474|||
475|1047|King, Caleb|caleb.king@example-health.org
476|1074|Hall, Kara|kara.hall@example-health.org
477|1070|Martin, Quinn Q.|quinn.martin@example-health.org
478|1039|Harris, Noah Z.|noah.harris@example-health.org
479|1067|Turner, Olivia W.|olivia.turner@example-health.org
480|||
481|1079|Campbell, Yara|yara.campbell@example-health.org
482|1017|Jenkins, Rafael|rafael.jenkins@example-health.org
483|||
484|1047|King, Caleb|caleb.king@example-health.org
485|||
486|1082|Russell, Ian L.|ian.russell@example-health.org
487|1055|Powell, Iris D.|iris.powell@example-health.org
488|1047|King, Caleb|caleb.king@example-health.org
489|1064|Nguyen, Priya Y.|priya.nguyen@example-health.org
490|||
491|1045|Gray, Casey W.|casey.gray@example-health.org
492|||
493|||
494|||
495|||
496|||
497|1056|Henderson, Victor|victor.henderson@example-health.org
498|1019|Long, Maya|maya.long@example-health.org
499|1062|Kelly, Alicia K.|alicia.kelly@example-health.org
500|||
501|||
502|1032|Young, Blake|blake.young@example-health.org
503|||
504|||
505|||
506|1017|Jenkins, Rafael|rafael.jenkins@example-health.org
507|1008|Phillips, Diana|diana.phillips@example-health.org
508|1076|Hayes, Renee A.|renee.hayes@example-health.org
509|||
510|1032|Young, Blake|blake.young@example-health.org
511|1010|Thompson, Hannah|hannah.thompson@example-health.org
512|1020|Carter, Bianca E.|bianca.carter@example-health.org
513|||
514|||
515|||
516|||
517|||
518|||
519|1037|Sanchez, Lena|lena.sanchez@example-health.org
520|||
521|1061|Green, Grace X.|grace.green@example-health.org
522|1016|Wood, Theo V.|theo.wood@example-health.org
523|||
524|1064|Nguyen, Priya Y.|priya.nguyen@example-health.org
525|1047|King, Caleb|caleb.king@example-health.org
526|1006|Foster, Robin S.|robin.foster@example-health.org
527|1033|Jackson, Julia F.|julia.jackson@example-health.org
528|||
529|1057|Smith, Sofia P.|sofia.smith@example-health.org
530|1077|Thomas, Dana S.|dana.thomas@example-health.org
531|1050|Murphy, Jamal|jamal.murphy@example-health.org
532|1024|Roberts, Yara H.|yara.roberts@example-health.org
533|||
534|1066|Walker, Alex N.|alex.walker@example-health.org
535|1045|Gray, Casey W.|casey.gray@example-health.org
536|||
537|||
538|||
539|||
540|1068|Cox, Sofia|sofia.cox@example-health.org
541|1019|Long, Maya|maya.long@example-health.org
542|||
543|||
544|1060|James, Nadia G.|nadia.james@example-health.org
545|||
546|1022|Baker, Iris Z.|iris.baker@example-health.org
547|||
548|||
549|||
550|1048|Williams, Marcus S.|marcus.williams@example-health.org
551|||
552|||
553|1038|Ross, Darius K.|darius.ross@example-health.org
554|1026|Hill, Andre C.|andre.hill@example-health.org
555|||
556|||
557|1059|Stewart, Xavier|xavier.stewart@example-health.org
558|1070|Martin, Quinn Q.|quinn.martin@example-health.org
559|||
560|||
561|1054|Ward, Wendy Y.|wendy.ward@example-health.org
562|1071|Robinson, Bianca|bianca.robinson@example-health.org
563|1071|Robinson, Bianca|bianca.robinson@example-health.org
564|||
565|||
566|1004|Lee, Erica M.|erica.lee@example-health.org
567|1076|Hayes, Renee A.|renee.hayes@example-health.org
568|||
569|1064|Nguyen, Priya Y.|priya.nguyen@example-health.org
570|||
571|1053|Davis, Xavier L.|xavier.davis@example-health.org
572|1003|Fisher, Keith Q.|keith.fisher@example-health.org
573|1024|Roberts, Yara H.|yara.roberts@example-health.org
574|1061|Green, Grace X.|grace.green@example-health.org
575|1022|Baker, Iris Z.|iris.baker@example-health.org
576|1060|James, Nadia G.|nadia.james@example-health.org
577|1025|Johnson, Uma J.|uma.johnson@example-health.org
578|||
579|||
580|1010|Thompson, Hannah|hannah.thompson@example-health.org
581|||
582|1077|Thomas, Dana S.|dana.thomas@example-health.org
583|1003|Fisher, Keith Q.|keith.fisher@example-health.org
584|||
585|1035|Cooper, Omar J.|omar.cooper@example-health.org
586|1035|Cooper, Omar J.|omar.cooper@example-health.org
587|1082|Russell, Ian L.|ian.russell@example-health.org
588|1036|Collins, Lena H.|lena.collins@example-health.org
589|||
590|1041|Clark, Darius F.|darius.clark@example-health.org
591|1044|Watson, Elliot|elliot.watson@example-health.org
592|1058|Bennett, Logan|logan.bennett@example-health.org
593|1037|Sanchez, Lena|lena.sanchez@example-health.org
594|||
595|1053|Davis, Xavier L.|xavier.davis@example-health.org
596|1015|Edwards, Dana|dana.edwards@example-health.org
597|1024|Roberts, Yara H.|yara.roberts@example-health.org
598|1044|Watson, Elliot|elliot.watson@example-health.org
599|1069|White, Casey|casey.white@example-health.org
600|1002|Wood, Noah|noah.wood@example-health.org
601|1073|Morgan, Brianna T.|brianna.morgan@example-health.org
602|1077|Thomas, Dana S.|dana.thomas@example-health.org
603|1042|Flores, Olivia|olivia.flores@example-health.org
604|1068|Cox, Sofia|sofia.cox@example-health.org
605|1069|White, Casey|casey.white@example-health.org
606|||
607|1083|Wright, Zane W.|zane.wright@example-health.org
609|1080|Taylor, Avery R.|avery.taylor@example-health.org
610|||
611|||
612|||
613|1008|Phillips, Diana|diana.phillips@example-health.org
614|1024|Roberts, Yara H.|yara.roberts@example-health.org
615|1041|Clark, Darius F.|darius.clark@example-health.org
616|1056|Henderson, Victor|victor.henderson@example-health.org
617|||
618|1038|Ross, Darius K.|darius.ross@example-health.org
619|||
620|1037|Sanchez, Lena|lena.sanchez@example-health.org
622|1068|Cox, Sofia|sofia.cox@example-health.org
623|||
624|1002|Wood, Noah|noah.wood@example-health.org
625|||
626|1056|Henderson, Victor|victor.henderson@example-health.org
627|1013|Lewis, Jordan N.|jordan.lewis@example-health.org
628|1060|James, Nadia G.|nadia.james@example-health.org
629|||
630|||
631|1083|Wright, Zane W.|zane.wright@example-health.org
632|1065|Nelson, Marcus X.|marcus.nelson@example-health.org
633|1077|Thomas, Dana S.|dana.thomas@example-health.org
634|1032|Young, Blake|blake.young@example-health.org
635|||
637|1019|Long, Maya|maya.long@example-health.org
638|||
639|1061|Green, Grace X.|grace.green@example-health.org
640|||
641|||
642|||
643|||
644|1039|Harris, Noah Z.|noah.harris@example-health.org
645|1049|Reed, Paige|paige.reed@example-health.org
646|1071|Robinson, Bianca|bianca.robinson@example-health.org
647|||
648|1057|Smith, Sofia P.|sofia.smith@example-health.org
649|1083|Wright, Zane W.|zane.wright@example-health.org
650|1051|Gomez, Angela|angela.gomez@example-health.org
651|1069|White, Casey|casey.white@example-health.org
652|||
653|||
655|||
656|||
657|1029|Rivera, Tara G.|tara.rivera@example-health.org
658|1004|Lee, Erica M.|erica.lee@example-health.org
659|||
660|1057|Smith, Sofia P.|sofia.smith@example-health.org
662|1049|Reed, Paige|paige.reed@example-health.org
663|||
664|||
665|||
666|||
667|1081|Howard, Carmen D.|carmen.howard@example-health.org
668|||
669|||
670|1055|Powell, Iris D.|iris.powell@example-health.org
671|1021|Ward, Brianna P.|brianna.ward@example-health.org
672|||
673|||
674|||
675|1073|Morgan, Brianna T.|brianna.morgan@example-health.org
676|||
677|1045|Gray, Casey W.|casey.gray@example-health.org
678|1009|Peterson, Blake B.|blake.peterson@example-health.org
679|1012|Adams, Diana Y.|diana.adams@example-health.org
680|||
681|||
682|1077|Thomas, Dana S.|dana.thomas@example-health.org
683|1029|Rivera, Tara G.|tara.rivera@example-health.org
684|||
685|1062|Kelly, Alicia K.|alicia.kelly@example-health.org
686|1083|Wright, Zane W.|zane.wright@example-health.org
687|1047|King, Caleb|caleb.king@example-health.org
688|||
689|||
690|1072|White, Jamal R.|jamal.white@example-health.org
691|||
693|1004|Lee, Erica M.|erica.lee@example-health.org
694|||
695|||
696|||
697|1078|Wilson, Priya|priya.wilson@example-health.org
698|||
699|1036|Collins, Lena H.|lena.collins@example-health.org
700|1055|Powell, Iris D.|iris.powell@example-health.org
701|||
702|||
703|1061|Green, Grace X.|grace.green@example-health.org
704|||
705|1067|Turner, Olivia W.|olivia.turner@example-health.org
706|1043|Scott, Omar N.|omar.scott@example-health.org
707|||
708|||
709|1013|Lewis, Jordan N.|jordan.lewis@example-health.org
710|1009|Peterson, Blake B.|blake.peterson@example-health.org
711|1060|James, Nadia G.|nadia.james@example-health.org
712|1011|Evans, Hannah P.|hannah.evans@example-health.org
713|1057|Smith, Sofia P.|sofia.smith@example-health.org
714|1070|Martin, Quinn Q.|quinn.martin@example-health.org
715|1006|Foster, Robin S.|robin.foster@example-health.org
716|1081|Howard, Carmen D.|carmen.howard@example-health.org
717|||
718|||
719|||
720|||
721|||
722|||
723|1054|Ward, Wendy Y.|wendy.ward@example-health.org
724|||
726|1002|Wood, Noah|noah.wood@example-health.org
728|1038|Ross, Darius K.|darius.ross@example-health.org
729|1018|Bryant, Tara C.|tara.bryant@example-health.org
730|1025|Johnson, Uma J.|uma.johnson@example-health.org
731|1058|Bennett, Logan|logan.bennett@example-health.org
732|1026|Hill, Andre C.|andre.hill@example-health.org
733|||
734|||
735|||
736|1021|Ward, Brianna P.|brianna.ward@example-health.org
737|||
738|1033|Jackson, Julia F.|julia.jackson@example-health.org
739|||
740|1084|Walker, Robin|robin.walker@example-health.org
741|1021|Ward, Brianna P.|brianna.ward@example-health.org
742|||
743|||
744|1068|Cox, Sofia|sofia.cox@example-health.org
745|1004|Lee, Erica M.|erica.lee@example-health.org
746|||
747|1050|Murphy, Jamal|jamal.murphy@example-health.org
748|1004|Lee, Erica M.|erica.lee@example-health.org
749|||
750|||
751|1047|King, Caleb|caleb.king@example-health.org
752|1023|Williams, Grace B.|grace.williams@example-health.org
753|1008|Phillips, Diana|diana.phillips@example-health.org
754|||
755|||
756|1033|Jackson, Julia F.|julia.jackson@example-health.org
757|||
758|||
759|1080|Taylor, Avery R.|avery.taylor@example-health.org
760|1029|Rivera, Tara G.|tara.rivera@example-health.org
